{
  "original_size": 18706,
  "pruned_size": 14942,
  "reduction_percentage": 20.121886025874048,
  "parameters": {
    "min_cluster_size": 10,
    "min_samples": 15,
    "t": 1.0,
    "n_random_runs": 5
  },
  "cluster_stats": {
    "-1": {
      "original_size": 9523,
      "kept_size": 9523,
      "removal_fraction": 0.0
    },
    "0": {
      "original_size": 11,
      "kept_size": 10,
      "removal_fraction": 0.30000000000000004
    },
    "1": {
      "original_size": 10,
      "kept_size": 10,
      "removal_fraction": 0.0
    },
    "2": {
      "original_size": 11,
      "kept_size": 10,
      "removal_fraction": 0.30000000000000004
    },
    "3": {
      "original_size": 27,
      "kept_size": 18,
      "removal_fraction": 0.30000000000000004
    },
    "4": {
      "original_size": 18,
      "kept_size": 12,
      "removal_fraction": 0.30000000000000004
    },
    "5": {
      "original_size": 27,
      "kept_size": 18,
      "removal_fraction": 0.30000000000000004
    },
    "6": {
      "original_size": 18,
      "kept_size": 12,
      "removal_fraction": 0.30000000000000004
    },
    "7": {
      "original_size": 14,
      "kept_size": 10,
      "removal_fraction": 0.30000000000000004
    },
    "8": {
      "original_size": 50,
      "kept_size": 35,
      "removal_fraction": 0.30000000000000004
    },
    "9": {
      "original_size": 27,
      "kept_size": 18,
      "removal_fraction": 0.30000000000000004
    },
    "10": {
      "original_size": 78,
      "kept_size": 54,
      "removal_fraction": 0.30000000000000004
    },
    "11": {
      "original_size": 12,
      "kept_size": 10,
      "removal_fraction": 0.30000000000000004
    },
    "12": {
      "original_size": 19,
      "kept_size": 13,
      "removal_fraction": 0.30000000000000004
    },
    "13": {
      "original_size": 100,
      "kept_size": 70,
      "removal_fraction": 0.30000000000000004
    },
    "14": {
      "original_size": 23,
      "kept_size": 16,
      "removal_fraction": 0.30000000000000004
    },
    "15": {
      "original_size": 35,
      "kept_size": 24,
      "removal_fraction": 0.30000000000000004
    },
    "16": {
      "original_size": 13,
      "kept_size": 10,
      "removal_fraction": 0.30000000000000004
    },
    "17": {
      "original_size": 23,
      "kept_size": 16,
      "removal_fraction": 0.30000000000000004
    },
    "18": {
      "original_size": 48,
      "kept_size": 33,
      "removal_fraction": 0.30000000000000004
    },
    "19": {
      "original_size": 13,
      "kept_size": 10,
      "removal_fraction": 0.30000000000000004
    },
    "20": {
      "original_size": 13,
      "kept_size": 10,
      "removal_fraction": 0.30000000000000004
    },
    "21": {
      "original_size": 172,
      "kept_size": 120,
      "removal_fraction": 0.30000000000000004
    },
    "22": {
      "original_size": 14,
      "kept_size": 10,
      "removal_fraction": 0.30000000000000004
    },
    "23": {
      "original_size": 10,
      "kept_size": 10,
      "removal_fraction": 0.0
    },
    "24": {
      "original_size": 107,
      "kept_size": 74,
      "removal_fraction": 0.30000000000000004
    },
    "25": {
      "original_size": 171,
      "kept_size": 119,
      "removal_fraction": 0.30000000000000004
    },
    "26": {
      "original_size": 99,
      "kept_size": 69,
      "removal_fraction": 0.30000000000000004
    },
    "27": {
      "original_size": 22,
      "kept_size": 15,
      "removal_fraction": 0.30000000000000004
    },
    "28": {
      "original_size": 38,
      "kept_size": 26,
      "removal_fraction": 0.30000000000000004
    },
    "29": {
      "original_size": 43,
      "kept_size": 30,
      "removal_fraction": 0.30000000000000004
    },
    "30": {
      "original_size": 75,
      "kept_size": 52,
      "removal_fraction": 0.30000000000000004
    },
    "31": {
      "original_size": 29,
      "kept_size": 20,
      "removal_fraction": 0.30000000000000004
    },
    "32": {
      "original_size": 56,
      "kept_size": 39,
      "removal_fraction": 0.30000000000000004
    },
    "33": {
      "original_size": 17,
      "kept_size": 11,
      "removal_fraction": 0.30000000000000004
    },
    "34": {
      "original_size": 35,
      "kept_size": 24,
      "removal_fraction": 0.30000000000000004
    },
    "35": {
      "original_size": 5032,
      "kept_size": 2516,
      "removal_fraction": 0.5
    },
    "36": {
      "original_size": 483,
      "kept_size": 338,
      "removal_fraction": 0.30000000000000004
    },
    "37": {
      "original_size": 46,
      "kept_size": 32,
      "removal_fraction": 0.30000000000000004
    },
    "38": {
      "original_size": 167,
      "kept_size": 116,
      "removal_fraction": 0.30000000000000004
    },
    "39": {
      "original_size": 15,
      "kept_size": 10,
      "removal_fraction": 0.30000000000000004
    },
    "40": {
      "original_size": 18,
      "kept_size": 12,
      "removal_fraction": 0.30000000000000004
    },
    "41": {
      "original_size": 55,
      "kept_size": 38,
      "removal_fraction": 0.30000000000000004
    },
    "42": {
      "original_size": 22,
      "kept_size": 15,
      "removal_fraction": 0.30000000000000004
    },
    "43": {
      "original_size": 15,
      "kept_size": 10,
      "removal_fraction": 0.30000000000000004
    },
    "44": {
      "original_size": 368,
      "kept_size": 257,
      "removal_fraction": 0.30000000000000004
    },
    "45": {
      "original_size": 271,
      "kept_size": 189,
      "removal_fraction": 0.30000000000000004
    },
    "46": {
      "original_size": 1134,
      "kept_size": 793,
      "removal_fraction": 0.30000000000000004
    },
    "47": {
      "original_size": 79,
      "kept_size": 55,
      "removal_fraction": 0.30000000000000004
    }
  }
}