{
  "PR-AUC": {
    "t_statistic": 4.393961209122836,
    "p_value": 5.370275612249418e-05,
    "significant": true,
    "cohen_d": 2.060950490332256,
    "delta_percent": 2.4231449762444317,
    "ci_low": 0.006783398899630932,
    "ci_high": 0.009195591684263916
  },
  "ROC-AUC": {
    "t_statistic": 3.7970255920822424,
    "p_value": 0.0003785760087820545,
    "significant": true,
    "cohen_d": 1.7809628677555438,
    "delta_percent": 0.4237778163942352,
    "ci_low": 0.002924939623241828,
    "ci_high": 0.004464722346384932
  }
}